id,status,created,modified,rid,mid
1,1,2022-10-04 10:23:49.321251+00:00,2022-10-04 10:23:49.321256+00:00,1,1
2,1,2022-10-04 10:23:49.321262+00:00,2022-10-04 10:23:49.321266+00:00,1,2
3,1,2022-10-04 10:23:49.321270+00:00,2022-10-04 10:23:49.321274+00:00,1,3
4,1,2022-10-04 10:23:49.321279+00:00,2022-10-04 10:23:49.321282+00:00,1,4
5,1,2022-10-04 10:23:49.321287+00:00,2022-10-04 10:23:49.321290+00:00,1,5
6,1,2022-10-04 10:23:49.321295+00:00,2022-10-04 10:23:49.321298+00:00,1,6
7,1,2022-10-04 10:23:49.321303+00:00,2022-10-04 10:23:49.321306+00:00,1,7
8,1,2022-10-04 10:23:49.321311+00:00,2022-10-04 10:23:49.321314+00:00,1,8
9,1,2022-10-04 10:23:49.321318+00:00,2022-10-04 10:23:49.321322+00:00,1,9
10,1,2022-10-04 10:23:49.321326+00:00,2022-10-04 10:23:49.321329+00:00,1,10
11,1,2022-10-04 10:23:49.321334+00:00,2022-10-04 10:23:49.321337+00:00,1,11
12,1,2022-10-04 10:23:49.321342+00:00,2022-10-04 10:23:49.321345+00:00,1,12
13,1,2022-10-04 10:23:49.321350+00:00,2022-10-04 10:23:49.321353+00:00,1,13
14,1,2022-10-04 10:23:49.321358+00:00,2022-10-04 10:23:49.321361+00:00,1,14
15,1,2022-10-04 10:23:49.321365+00:00,2022-10-04 10:23:49.321369+00:00,1,15
16,1,2022-10-04 10:23:49.321373+00:00,2022-10-04 10:23:49.321377+00:00,1,16
17,1,2022-10-04 10:23:49.321381+00:00,2022-10-04 10:23:49.321385+00:00,1,17
18,1,2022-10-04 10:23:49.321389+00:00,2022-10-04 10:23:49.321392+00:00,1,18
19,1,2022-10-04 10:23:49.321397+00:00,2022-10-04 10:23:49.321400+00:00,1,19
20,1,2022-10-04 10:23:49.321405+00:00,2022-10-04 10:23:49.321408+00:00,1,20
21,1,2022-10-04 10:23:49.321413+00:00,2022-10-04 10:23:49.321416+00:00,1,21
22,1,2022-10-04 10:23:49.321420+00:00,2022-10-04 10:23:49.321424+00:00,1,22
23,1,2022-10-04 10:48:51.635526+00:00,2022-10-04 10:48:51.635559+00:00,2,3
24,1,2022-10-04 10:48:51.635571+00:00,2022-10-04 10:48:51.635578+00:00,2,2
25,1,2022-10-04 10:48:51.635587+00:00,2022-10-04 10:48:51.635594+00:00,2,1
26,1,2022-10-04 10:48:51.635603+00:00,2022-10-04 10:48:51.635609+00:00,2,6
27,1,2022-10-04 10:48:51.635617+00:00,2022-10-04 10:48:51.635624+00:00,2,7
28,1,2022-10-04 10:48:51.635632+00:00,2022-10-04 10:48:51.635638+00:00,2,8
29,1,2022-10-04 10:48:51.635646+00:00,2022-10-04 10:48:51.635653+00:00,2,10
